{"args": {"alpha": 0.2, "dataset": "citeseer", "degree": 2, "dropout": 0.5, "epoch": 200, "hidden": 8, "lr": 0.001, "nb_heads": 8, "seed": 42, "weight_decay": 0.0005, "att_type": "li"}, "result": {"gcn": 0.5886000000000001, "gat": 0.6662, "sgc": 0.6539, "egat": 0.6748000000000001}}