{
  "args": {
    "alpha": 0.2,
    "dataset": "citeseer",
    "degree": 2,
    "dropout": 0.1,
    "epoch": 200,
    "hidden": 8,
    "lr": 0.01,
    "nb_heads": 8,
    "seed": 42,
    "weight_decay": 0.0005,
    "att_type": "li"
  },
  "result": {
    "gcn": 0.672,
    "gat": 0.6980000000000001,
    "sgc": 0.652,
    "egat": 0.6880000000000001
  }
}