{"args": {"alpha": 0.2, "dataset": "cora", "degree": 2, "dropout": 0.5, "epoch": 200, "hidden": 8, "lr": 0.01, "nb_heads": 8, "seed": 42, "weight_decay": 0.001, "att_type": "li"}, "result": {"gcn": 0.848, "gat": 0.8310000000000001, "sgc": 0.8250000000000001, "egat": 0.841}}