{
  "args": {
    "alpha": 0.2,
    "dataset": "cora",
    "degree": 2,
    "dropout": 0.7,
    "epoch": 200,
    "hidden": 16,
    "lr": 0.01,
    "nb_heads": 8,
    "seed": 42,
    "weight_decay": 0.0005
  },
  "result": {
    "gcn": 0.8282,
    "gat": 0.8274000000000001,
    "sgc": 0.8176000000000002
  }
}