{"args": {"alpha": 0.2, "dataset": "cora", "degree": 2, "dropout": 0.5, "epoch": 200, "hidden": 8, "lr": 0.01, "nb_heads": 8, "seed": 42, "weight_decay": 0.0001, "att_type": "li"}, "result": {"gcn": 0.809, "gat": 0.8230000000000001, "sgc": 0.801, "egat": 0.8230000000000001}}