{"args": {"alpha": 0.2, "dataset": "cora", "degree": 2, "dropout": 0.5, "epoch": 200, "hidden": 16, "lr": 0.01, "nb_heads": 3, "seed": 42, "weight_decay": 0.0005}, "result": {"gcn": 0.8266, "gat": 0.8222000000000002, "sgc": 0.8176000000000001}}