{"args": {"alpha": 0.2, "dataset": "cora", "degree": 2, "dropout": 0.5, "epoch": 200, "hidden": 16, "lr": 0.01, "nb_heads": 16, "seed": 42, "weight_decay": 0.0005}, "result": {"gcn": 0.8250000000000002, "gat": 0.8082000000000001, "sgc": 0.8180000000000001}}