{
  "args": {
    "alpha": 0.2,
    "dataset": "cora",
    "degree": 2,
    "dropout": 0.5,
    "epoch": 200,
    "hidden": 16,
    "lr": 0.01,
    "nb_heads": 8,
    "seed": 42,
    "weight_decay": 0.001
  },
  "result": {
    "gcn": 0.8226000000000001,
    "gat": 0.8196000000000002,
    "sgc": 0.8248000000000002
  }
}