{"args": {"alpha": 0.2, "dataset": "cora", "degree": 2, "dropout": 0.5, "epoch": 200, "hidden": 8, "lr": 0.01, "nb_heads": 8, "seed": 42, "weight_decay": 0.0007, "att_type": "li"}, "result": {"gcn": 0.842, "gat": 0.837, "sgc": 0.8220000000000001, "egat": 0.8240000000000001}}