{"args": {"alpha": 0.2, "dataset": "cora", "degree": 2, "dropout": 0.5, "epoch": 200, "hidden": 16, "lr": 0.01, "nb_heads": 8, "seed": 42, "weight_decay": 0.0005, "att_type": "li"}, "result": {"gcn": 0.8320000000000001, "gat": 0.836, "sgc": 0.8190000000000001, "egat": 0.838}}