{
  "args": {
    "alpha": 0.2,
    "dataset": "cora",
    "degree": 2,
    "dropout": 0.5,
    "epoch": 200,
    "hidden": 8,
    "lr": 0.01,
    "nb_heads": 8,
    "seed": 42,
    "weight_decay": 0.0004,
    "att_type": "li"
  },
  "result": {
    "gcn": 0.8270000000000001,
    "gat": 0.833,
    "sgc": 0.812,
    "egat": 0.8280000000000001
  }
}