{"args": {"alpha": 0.2, "dataset": "cora", "degree": 2, "dropout": 0.5, "epoch": 200, "hidden": 16, "lr": 0.007, "nb_heads": 8, "seed": 42, "weight_decay": 0.0005}, "result": {"gcn": 0.8294000000000002, "gat": 0.8226000000000001, "sgc": 0.8106, "egat": 0.8182}}