{
  "args": {
    "alpha": 0.2,
    "dataset": "cora",
    "degree": 2,
    "dropout": 0.5,
    "epoch": 200,
    "hidden": 32,
    "lr": 0.01,
    "nb_heads": 8,
    "seed": 42,
    "weight_decay": 0.0005
  },
  "result": {
    "gcn": 0.8202000000000003,
    "gat": 0.8168,
    "sgc": 0.8166000000000001
  }
}