{"args": {"alpha": 0.2, "dataset": "cora", "degree": 3, "dropout": 0.5, "epoch": 200, "hidden": 16, "lr": 0.01, "nb_heads": 8, "seed": 42, "weight_decay": 0.0005}, "result": {"gcn": 0.8264000000000001, "gat": 0.8240000000000001, "sgc": 0.8180000000000001}}