{
    "args": {
        "alpha": 0.2,
        "dataset": "cora",
        "degree": 2,
        "dropout": 0,
        "epoch": 150,
        "hidden": 16,
        "lr": 0.01,
        "nb_heads": 8,
        "seed": 42,
        "weight_decay": 0.0005
    },
    "result": {
        "gat": 0.798,
        "gcn": 0.8146666666666669,
        "sgc": 0.8253333333333334
    }
}