{
    "args": {
        "alpha": 0.2,
        "dataset": "cora",
        "degree": 2,
        "dropout": 0.5,
        "epoch": 200,
        "hidden": 16,
        "lr": 0.01,
        "nb_heads": 8,
        "seed": 42,
        "weight_decay": 0.0005
    },
    "result": {
        "gat": 0.8093333333333333,
        "gcn": 0.8166666666666668,
        "sgc": 0.8160000000000001
    }
}